adm_nm,Bus_Stop_Count_20211,Bus_Stop_Count_20212,Bus_Stop_Count_20213,Bus_Stop_Count_20214,Bus_Stop_Count_20221,Bus_Stop_Count_20222,Bus_Stop_Count_20223,Bus_Stop_Count_20224,Bus_Stop_Count_20231,Bus_Stop_Count_20232,Bus_Stop_Count_20233,Bus_Stop_Count_20234,Bus_Stop_Count_20241,Bus_Stop_Count_20242
서울특별시 강남구 개포1동,17,17,17,17,17,17,17,17,17,17,17,17,17,17
서울특별시 강남구 개포2동,38,38,38,38,38,38,38,38,38,38,38,38,38,38
서울특별시 강남구 개포4동,35,35,35,35,35,35,35,35,35,35,35,35,35,35
서울특별시 강남구 논현1동,18,18,18,18,18,18,18,18,18,18,18,18,18,18
서울특별시 강남구 논현2동,26,26,26,26,26,26,26,26,26,26,26,26,26,26
서울특별시 강남구 대치1동,17,17,17,17,17,17,17,17,17,17,17,17,17,17
서울특별시 강남구 대치2동,37,37,37,37,37,37,37,37,37,37,37,37,37,37
서울특별시 강남구 대치4동,16,16,16,16,16,16,16,16,16,16,16,16,16,16
서울특별시 강남구 도곡1동,19,19,19,19,19,19,19,19,19,19,19,19,20,20
서울특별시 강남구 도곡2동,26,26,26,26,26,26,26,26,26,26,26,26,26,26
서울특별시 강남구 삼성1동,41,41,41,41,41,41,42,42,42,42,42,42,42,42
서울특별시 강남구 삼성2동,23,23,23,23,23,23,23,23,23,23,23,23,23,23
서울특별시 강남구 세곡동,67,67,67,67,67,67,67,67,67,67,67,67,71,71
서울특별시 강남구 수서동,19,19,19,19,19,19,19,19,19,19,19,19,19,19
서울특별시 강남구 신사동,17,17,16,16,16,16,16,16,16,16,16,16,16,16
서울특별시 강남구 압구정동,25,25,25,25,25,25,25,25,25,25,25,25,25,25
서울특별시 강남구 역삼1동,53,53,53,53,53,53,53,53,53,53,53,53,53,53
서울특별시 강남구 역삼2동,27,27,27,27,27,27,27,27,27,27,27,27,27,27
서울특별시 강남구 일원1동,15,15,15,15,15,15,15,15,15,15,15,15,15,15
서울특별시 강남구 일원2동,12,12,12,12,12,12,12,12,12,12,12,12,12,12
서울특별시 강남구 일원본동,34,34,34,34,34,34,34,34,34,34,34,34,34,34
서울특별시 강남구 청담동,32,32,32,32,32,32,32,32,32,32,32,32,32,32
서울특별시 강동구 강일동,69,75,81,81,81,81,82,82,82,82,82,82,78,78
서울특별시 강동구 고덕1동,24,24,24,24,24,24,24,24,24,24,24,24,26,26
서울특별시 강동구 고덕2동,20,20,20,20,20,20,20,20,20,20,20,20,23,23
서울특별시 강동구 길동,37,37,37,37,37,37,37,37,37,37,37,37,36,36
서울특별시 강동구 둔촌1동,8,8,8,8,8,9,9,9,9,9,9,9,9,9
서울특별시 강동구 둔촌2동,32,32,32,32,32,34,34,34,34,34,34,34,34,34
서울특별시 강동구 명일1동,17,17,17,17,17,18,18,18,18,18,18,18,19,19
서울특별시 강동구 명일2동,20,20,20,20,20,23,23,23,23,23,23,23,21,21
서울특별시 강동구 상일동,43,43,43,43,43,43,43,43,43,43,43,43,43,43
서울특별시 강동구 성내1동,22,22,22,22,22,22,22,22,22,22,22,22,22,22
서울특별시 강동구 성내2동,19,19,19,19,19,19,19,19,19,19,19,19,19,19
서울특별시 강동구 성내3동,15,15,15,15,15,15,15,15,15,15,15,15,15,15
서울특별시 강동구 암사1동,13,13,13,13,13,13,13,13,13,13,13,13,13,13
서울특별시 강동구 암사2동,7,7,7,7,7,7,7,7,7,7,7,7,7,7
서울특별시 강동구 암사3동,9,9,9,9,9,9,9,9,9,9,9,9,9,9
서울특별시 강동구 천호1동,24,24,24,24,24,24,24,24,24,24,24,24,25,25
서울특별시 강동구 천호2동,30,30,30,30,30,30,30,30,30,30,30,30,30,30
서울특별시 강동구 천호3동,11,11,11,11,11,11,11,11,11,11,11,11,11,11
서울특별시 강북구 미아동,28,28,28,28,28,28,28,28,28,28,28,28,29,29
서울특별시 강북구 번1동,26,26,26,26,26,26,26,26,26,26,26,26,26,26
서울특별시 강북구 번2동,48,48,48,48,48,48,48,48,48,48,48,48,48,48
서울특별시 강북구 번3동,43,43,43,43,43,43,43,43,43,43,43,43,45,45
서울특별시 강북구 삼각산동,27,27,27,27,27,27,27,27,27,27,27,27,29,29
서울특별시 강북구 삼양동,35,35,35,35,35,35,35,35,35,35,35,35,33,33
서울특별시 강북구 송중동,72,72,72,72,71,71,71,71,71,71,71,71,70,70
서울특별시 강북구 송천동,28,28,28,28,28,28,28,28,28,28,28,28,28,28
서울특별시 강북구 수유1동,40,40,40,40,40,40,40,40,40,40,40,40,40,40
서울특별시 강북구 수유2동,15,15,15,15,15,15,15,15,15,15,15,15,15,15
서울특별시 강북구 수유3동,26,26,26,26,26,26,26,26,26,26,26,26,26,26
서울특별시 강북구 우이동,44,44,44,46,46,46,46,46,46,46,46,46,46,46
서울특별시 강북구 인수동,57,57,57,57,59,59,59,59,59,59,59,59,59,59
서울특별시 강서구 가양1동,65,65,65,65,65,65,65,65,65,65,65,65,63,63
서울특별시 강서구 가양2동,13,13,13,13,13,13,13,13,13,13,13,13,14,14
서울특별시 강서구 가양3동,19,19,19,19,19,19,19,19,19,19,19,19,19,19
서울특별시 강서구 공항동,78,78,78,78,80,80,80,80,80,80,80,80,80,80
서울특별시 강서구 등촌1동,19,19,19,19,19,19,19,19,19,19,19,19,20,20
서울특별시 강서구 등촌2동,8,8,8,8,8,8,8,8,8,8,8,8,7,7
서울특별시 강서구 등촌3동,61,61,61,61,61,61,61,61,61,61,61,61,61,61
서울특별시 강서구 발산1동,71,71,71,71,71,71,71,71,71,71,71,71,70,70
서울특별시 강서구 방화1동,48,48,48,48,48,48,48,48,48,48,48,48,49,49
서울특별시 강서구 방화2동,42,42,42,42,42,42,42,42,42,42,42,42,41,41
서울특별시 강서구 방화3동,26,26,26,26,26,26,26,26,26,26,26,26,26,26
서울특별시 강서구 염창동,38,38,38,38,39,39,39,39,39,39,39,39,39,39
서울특별시 강서구 우장산동,30,30,30,30,30,30,30,30,30,30,30,30,31,31
서울특별시 강서구 화곡1동,29,29,29,29,30,30,30,30,30,30,30,30,30,30
서울특별시 강서구 화곡2동,31,31,31,31,30,30,30,30,30,30,30,30,28,28
서울특별시 강서구 화곡3동,10,10,10,10,10,10,10,10,10,10,10,10,10,10
서울특별시 강서구 화곡4동,30,30,30,30,30,30,30,30,30,30,30,30,32,32
서울특별시 강서구 화곡6동,28,28,28,28,28,28,28,28,28,28,28,28,28,28
서울특별시 강서구 화곡8동,25,25,25,25,25,26,26,26,26,26,26,26,26,26
서울특별시 강서구 화곡본동,25,25,25,25,26,25,25,25,25,25,25,25,24,24
서울특별시 관악구 낙성대동,39,39,39,39,39,39,39,39,39,39,39,39,40,40
서울특별시 관악구 난곡동,23,23,23,23,23,23,23,23,23,23,23,23,23,23
서울특별시 관악구 난향동,17,17,17,17,17,17,17,17,17,17,17,17,17,17
서울특별시 관악구 남현동,9,9,9,9,9,9,9,9,8,8,8,8,10,10
서울특별시 관악구 대학동,55,55,55,55,56,56,56,56,56,56,56,56,55,55
서울특별시 관악구 미성동,35,35,35,35,35,35,35,35,35,35,35,35,36,36
서울특별시 관악구 보라매동,26,26,26,26,26,26,25,25,25,25,25,25,25,25
서울특별시 관악구 삼성동,31,31,31,31,31,31,31,31,31,31,31,31,30,30
서울특별시 관악구 서림동,23,23,23,23,23,23,23,23,23,23,23,23,23,23
서울특별시 관악구 서원동,16,16,16,16,16,16,16,16,16,16,16,16,16,16
서울특별시 관악구 성현동,31,31,31,31,30,30,30,30,30,30,30,30,30,30
서울특별시 관악구 신림동,17,17,17,17,17,17,17,17,17,17,17,17,17,17
서울특별시 관악구 신사동,18,18,18,18,18,18,18,18,18,18,18,18,18,18
서울특별시 관악구 신원동,14,14,14,14,14,14,14,14,14,14,14,14,14,14
서울특별시 관악구 은천동,41,41,41,41,41,41,41,41,41,41,41,41,42,42
서울특별시 관악구 인헌동,23,23,23,23,23,23,23,23,23,23,23,23,23,23
서울특별시 관악구 조원동,25,25,25,25,26,26,26,26,26,26,26,26,26,26
서울특별시 관악구 중앙동,19,19,19,19,19,19,19,19,19,19,19,19,16,16
서울특별시 관악구 청룡동,20,20,20,20,20,20,20,20,20,20,20,20,20,20
서울특별시 관악구 청림동,10,10,10,10,10,10,10,10,10,10,10,10,10,10
서울특별시 관악구 행운동,13,13,13,13,13,13,13,13,13,13,13,13,13,13
서울특별시 광진구 광장동,41,41,41,41,41,41,43,43,43,43,43,43,43,42
서울특별시 광진구 구의1동,15,15,15,15,15,15,15,15,15,15,15,15,15,15
서울특별시 광진구 구의2동,26,26,26,26,26,26,26,26,26,26,26,26,25,25
서울특별시 광진구 구의3동,26,26,26,26,26,26,26,26,27,27,27,27,27,27
서울특별시 광진구 군자동,24,24,24,24,24,24,24,24,24,24,24,24,24,24
서울특별시 광진구 능동,10,10,10,10,10,10,10,10,10,10,10,10,10,11
서울특별시 광진구 자양1동,13,13,13,13,13,13,13,13,13,13,13,13,13,13
서울특별시 광진구 자양2동,14,14,14,14,14,14,14,14,14,14,14,14,17,17
서울특별시 광진구 자양3동,17,17,17,17,17,17,17,17,17,17,17,17,17,17
서울특별시 광진구 자양4동,15,15,15,15,15,15,15,15,15,15,15,15,15,15
서울특별시 광진구 중곡1동,18,18,18,18,18,18,18,18,18,18,18,18,19,19
서울특별시 광진구 중곡2동,21,21,21,21,21,21,21,22,22,22,22,22,24,24
서울특별시 광진구 중곡3동,24,24,24,24,24,24,24,24,24,24,24,24,23,23
서울특별시 광진구 중곡4동,33,33,33,33,33,33,33,33,33,33,33,33,33,33
서울특별시 광진구 화양동,20,21,21,21,21,21,21,21,21,21,21,21,21,21
서울특별시 구로구 가리봉동,11,11,11,11,11,11,11,11,11,11,11,11,11,11
서울특별시 구로구 개봉1동,58,58,58,58,58,58,58,58,58,58,58,58,59,59
서울특별시 구로구 개봉2동,38,38,38,38,38,35,35,35,35,35,35,35,35,35
서울특별시 구로구 개봉3동,28,28,28,28,28,28,28,28,28,28,28,28,28,28
서울특별시 구로구 고척1동,31,31,31,31,31,31,31,31,31,31,31,31,31,31
서울특별시 구로구 고척2동,35,35,35,35,35,35,35,35,35,35,35,35,35,35
서울특별시 구로구 구로1동,25,25,25,25,25,25,25,25,26,26,26,26,25,25
서울특별시 구로구 구로2동,43,43,43,43,43,43,43,43,43,43,43,43,45,45
서울특별시 구로구 구로3동,46,46,47,47,47,47,48,48,48,48,48,48,48,48
서울특별시 구로구 구로4동,22,22,22,22,22,22,22,22,22,22,22,22,22,22
서울특별시 구로구 구로5동,37,37,37,37,37,37,37,37,37,37,37,37,37,37
서울특별시 구로구 수궁동,61,59,59,59,59,59,59,59,59,59,59,59,58,58
서울특별시 구로구 신도림동,52,50,50,50,50,50,50,50,49,49,49,49,49,49
서울특별시 구로구 오류1동,18,18,18,18,18,18,18,18,18,18,18,18,17,17
서울특별시 구로구 오류2동,120,113,113,113,113,113,113,113,113,113,113,113,108,108
서울특별시 금천구 가산동,132,132,132,132,132,132,133,133,133,133,133,133,132,132
서울특별시 금천구 독산1동,71,71,71,71,71,71,71,71,71,71,71,71,72,72
서울특별시 금천구 독산2동,9,9,9,9,9,9,9,9,9,9,9,9,10,10
서울특별시 금천구 독산3동,21,21,21,21,21,21,20,20,20,20,20,20,21,21
서울특별시 금천구 독산4동,17,17,17,17,17,17,17,17,17,17,17,17,17,17
서울특별시 금천구 시흥1동,43,43,43,43,43,43,43,43,43,43,43,43,42,42
서울특별시 금천구 시흥2동,19,19,19,19,19,19,19,19,19,19,19,19,19,19
서울특별시 금천구 시흥3동,18,18,18,18,18,18,18,18,18,18,18,18,18,18
서울특별시 금천구 시흥4동,25,25,25,25,25,25,25,25,25,25,25,25,25,25
서울특별시 금천구 시흥5동,36,36,36,36,36,36,36,36,36,36,36,36,36,36
서울특별시 노원구 공릉1동,52,52,52,52,52,52,52,52,52,52,52,52,52,52
서울특별시 노원구 공릉2동,61,61,61,61,61,61,61,61,61,61,61,61,61,61
서울특별시 노원구 상계10동,22,22,22,22,22,22,22,22,22,22,22,22,22,22
서울특별시 노원구 상계1동,35,35,35,35,35,35,35,35,35,35,35,35,35,35
서울특별시 노원구 상계2동,29,29,29,29,29,29,29,29,29,29,29,29,29,29
서울특별시 노원구 상계3·4동,24,24,24,24,24,24,24,24,24,24,24,24,24,24
서울특별시 노원구 상계5동,26,26,26,26,26,26,26,26,26,26,26,26,26,26
서울특별시 노원구 상계6·7동,34,34,34,34,34,34,34,34,34,34,34,34,34,34
서울특별시 노원구 상계8동,15,15,15,15,15,15,15,15,15,15,15,15,14,14
서울특별시 노원구 상계9동,25,25,25,25,25,25,25,25,25,25,25,25,26,26
서울특별시 노원구 월계1동,63,63,63,63,63,62,62,62,62,62,62,62,64,64
서울특별시 노원구 월계2동,47,47,47,47,47,47,47,47,47,47,47,47,47,47
서울특별시 노원구 월계3동,22,22,22,22,22,23,23,23,23,23,23,23,22,22
서울특별시 노원구 중계1동,18,18,18,18,18,18,18,18,18,18,18,18,18,18
서울특별시 노원구 중계2·3동,33,33,33,33,33,33,33,33,33,33,33,33,33,33
서울특별시 노원구 중계4동,8,8,8,8,8,8,8,8,8,8,8,8,8,8
서울특별시 노원구 중계본동,18,18,18,18,18,18,18,18,18,18,18,18,18,18
서울특별시 노원구 하계1동,41,41,41,41,41,41,41,41,41,41,41,41,42,42
서울특별시 노원구 하계2동,20,20,20,20,20,20,20,20,20,20,20,20,19,19
서울특별시 도봉구 도봉1동,41,41,41,41,41,41,41,41,41,41,41,41,40,40
서울특별시 도봉구 도봉2동,49,49,49,49,49,49,49,49,49,49,49,49,49,49
서울특별시 도봉구 방학1동,35,35,35,35,35,35,35,35,35,35,35,35,36,36
서울특별시 도봉구 방학2동,23,23,23,23,23,23,23,23,23,23,23,23,23,23
서울특별시 도봉구 방학3동,34,32,32,32,32,32,32,32,33,33,33,33,32,32
서울특별시 도봉구 쌍문1동,46,48,48,48,48,48,48,48,47,47,47,47,47,47
서울특별시 도봉구 쌍문2동,18,18,18,18,18,18,18,18,18,18,18,18,18,18
서울특별시 도봉구 쌍문3동,16,16,16,16,16,16,16,16,16,16,16,16,15,15
서울특별시 도봉구 쌍문4동,19,19,19,19,19,19,19,19,19,19,19,19,19,19
서울특별시 도봉구 창1동,25,25,25,25,25,25,25,25,25,25,25,25,25,25
서울특별시 도봉구 창2동,30,30,30,30,30,30,30,30,30,30,30,30,31,31
서울특별시 도봉구 창3동,14,14,14,14,14,14,14,14,14,14,14,14,16,16
서울특별시 도봉구 창4동,48,48,48,48,48,48,52,52,52,52,52,52,53,53
서울특별시 도봉구 창5동,27,27,27,27,27,27,27,27,27,27,27,27,27,27
서울특별시 동대문구 답십리1동,27,27,27,27,27,27,27,27,27,27,27,27,27,27
서울특별시 동대문구 답십리2동,15,15,15,15,15,15,15,15,15,15,15,15,15,15
서울특별시 동대문구 용신동,47,47,47,48,48,48,48,48,48,48,48,48,48,48
서울특별시 동대문구 이문1동,25,25,25,25,25,25,25,25,25,25,25,25,24,24
서울특별시 동대문구 이문2동,13,13,14,14,14,14,14,14,14,14,14,14,15,15
서울특별시 동대문구 장안1동,29,29,29,29,29,29,29,29,29,29,29,29,30,30
서울특별시 동대문구 장안2동,37,37,37,37,37,37,37,37,37,37,37,37,38,38
서울특별시 동대문구 전농1동,36,36,36,36,36,36,36,36,36,36,36,36,36,36
서울특별시 동대문구 전농2동,9,9,9,9,9,9,9,9,9,9,9,9,9,9
서울특별시 동대문구 제기동,34,34,34,34,34,34,34,34,34,34,34,34,34,34
서울특별시 동대문구 청량리동,28,28,28,28,28,28,28,28,28,28,28,28,28,28
서울특별시 동대문구 회기동,10,10,10,10,10,10,10,10,10,10,10,10,10,10
서울특별시 동대문구 휘경1동,12,12,12,12,12,12,12,12,12,12,12,12,13,13
서울특별시 동대문구 휘경2동,22,22,22,22,22,22,22,22,22,22,22,22,21,21
서울특별시 동작구 노량진1동,55,55,55,55,55,55,55,55,55,55,55,55,55,55
서울특별시 동작구 노량진2동,13,13,13,13,13,13,13,13,13,13,13,13,13,13
서울특별시 동작구 대방동,54,54,54,54,54,54,54,54,54,54,54,54,54,54
서울특별시 동작구 사당1동,11,11,11,11,11,11,11,11,11,11,11,11,13,13
서울특별시 동작구 사당2동,32,32,32,32,32,32,32,32,32,32,32,32,31,31
서울특별시 동작구 사당3동,26,26,26,26,26,26,26,26,26,26,26,26,27,27
서울특별시 동작구 사당4동,4,4,4,4,4,4,4,4,4,4,4,4,5,5
서울특별시 동작구 사당5동,25,25,25,25,25,25,25,25,25,25,25,25,24,24
서울특별시 동작구 상도1동,46,46,46,46,46,46,46,46,46,46,46,46,46,46
서울특별시 동작구 상도2동,39,39,39,39,39,39,39,39,39,39,39,39,40,40
서울특별시 동작구 상도3동,34,34,34,34,34,34,34,34,34,34,34,34,32,32
서울특별시 동작구 상도4동,38,38,38,38,38,38,38,38,38,38,38,38,39,39
서울특별시 동작구 신대방1동,15,15,15,15,15,15,15,15,15,15,15,15,15,15
서울특별시 동작구 신대방2동,33,33,33,33,33,33,33,33,33,33,33,33,32,32
서울특별시 동작구 흑석동,59,59,59,59,59,59,59,59,59,59,59,59,59,59
서울특별시 마포구 공덕동,38,38,38,38,38,38,38,38,38,38,38,38,39,39
서울특별시 마포구 대흥동,34,34,35,35,35,35,35,35,35,35,35,35,36,36
서울특별시 마포구 도화동,33,33,33,33,33,33,33,33,33,33,33,33,31,31
서울특별시 마포구 망원1동,23,23,23,23,23,23,23,23,23,23,23,23,23,23
서울특별시 마포구 망원2동,36,36,36,36,36,36,36,36,36,36,36,36,36,36
서울특별시 마포구 상암동,101,101,101,101,101,101,101,101,101,101,101,101,103,103
서울특별시 마포구 서강동,64,64,64,64,64,64,64,64,64,64,64,64,64,64
서울특별시 마포구 서교동,76,78,78,78,78,78,78,78,78,78,78,78,78,78
서울특별시 마포구 성산1동,27,27,27,27,27,27,27,27,27,27,27,27,27,27
서울특별시 마포구 성산2동,40,40,40,40,40,40,40,40,40,40,40,40,40,40
서울특별시 마포구 신수동,24,24,24,24,24,24,24,24,24,24,24,24,24,24
서울특별시 마포구 아현동,24,24,24,24,24,24,24,24,24,24,24,24,24,24
서울특별시 마포구 연남동,21,21,21,21,21,21,21,21,21,21,21,21,20,20
서울특별시 마포구 염리동,12,12,11,11,11,11,11,11,11,11,11,11,11,11
서울특별시 마포구 용강동,22,22,22,22,22,22,22,22,22,22,22,22,22,22
서울특별시 마포구 합정동,30,31,31,31,31,31,31,31,31,31,31,31,31,31
서울특별시 서대문구 남가좌1동,15,15,15,15,15,15,15,15,15,15,15,15,14,14
서울특별시 서대문구 남가좌2동,29,29,30,30,30,30,30,30,30,30,30,30,31,31
서울특별시 서대문구 북가좌1동,14,14,14,14,14,14,14,14,14,14,14,14,14,14
서울특별시 서대문구 북가좌2동,33,33,33,33,33,33,33,33,33,33,33,33,33,33
서울특별시 서대문구 북아현동,17,17,17,17,17,17,17,17,17,17,17,17,17,17
서울특별시 서대문구 신촌동,56,56,56,57,57,57,57,57,57,57,57,57,56,56
서울특별시 서대문구 연희동,64,64,64,64,64,64,64,64,64,64,64,64,65,65
서울특별시 서대문구 천연동,49,50,50,50,50,50,50,50,50,50,50,50,50,50
서울특별시 서대문구 충현동,52,52,52,52,52,52,52,52,52,52,52,52,52,52
서울특별시 서대문구 홍은1동,39,39,39,39,39,39,39,40,40,40,40,40,40,40
서울특별시 서대문구 홍은2동,69,69,70,70,70,70,70,70,70,70,70,70,70,70
서울특별시 서대문구 홍제1동,32,32,32,32,32,32,32,32,32,32,32,32,32,32
서울특별시 서대문구 홍제2동,12,12,12,12,12,12,12,12,12,12,12,12,12,12
서울특별시 서대문구 홍제3동,42,42,42,42,42,42,42,42,42,42,42,42,42,42
서울특별시 서초구 내곡동,65,65,65,65,65,65,65,65,63,63,63,63,72,72
서울특별시 서초구 반포1동,26,26,26,26,26,26,26,26,26,26,26,26,25,25
서울특별시 서초구 반포2동,25,25,25,25,25,25,25,25,25,25,25,25,25,25
서울특별시 서초구 반포3동,12,12,12,12,12,12,12,12,12,12,12,12,12,12
서울특별시 서초구 반포4동,45,45,45,45,45,45,45,45,45,45,45,45,45,45
서울특별시 서초구 반포본동,5,5,5,5,5,5,5,5,5,5,5,5,5,5
서울특별시 서초구 방배1동,22,22,22,22,22,22,22,22,22,22,22,22,22,22
서울특별시 서초구 방배2동,41,41,41,41,41,41,41,41,42,42,42,42,41,41
서울특별시 서초구 방배3동,51,51,51,51,51,51,51,51,51,51,51,51,51,51
서울특별시 서초구 방배4동,27,27,27,27,27,27,27,27,27,27,27,27,29,29
서울특별시 서초구 방배본동,26,26,26,26,26,26,26,26,26,26,26,26,25,25
서울특별시 서초구 서초1동,38,38,38,38,38,38,38,38,38,38,38,38,38,38
서울특별시 서초구 서초2동,50,50,50,50,50,50,50,50,50,50,50,50,50,50
서울특별시 서초구 서초3동,83,84,84,84,84,84,84,84,84,84,84,84,84,84
서울특별시 서초구 서초4동,38,38,38,38,38,38,38,38,38,38,38,38,38,38
서울특별시 서초구 양재1동,83,83,83,83,83,83,83,83,83,83,83,83,82,82
서울특별시 서초구 양재2동,56,56,56,56,56,56,56,55,55,55,55,55,55,55
서울특별시 서초구 잠원동,27,27,27,27,27,27,27,27,27,27,27,27,28,28
서울특별시 성동구 금호1가동,37,37,37,37,37,37,37,37,36,36,36,36,34,34
서울특별시 성동구 금호2·3가동,50,50,50,50,50,50,50,50,51,51,51,51,54,54
서울특별시 성동구 금호4가동,32,32,32,32,32,32,32,32,32,32,32,32,30,30
서울특별시 성동구 마장동,32,32,32,32,32,32,32,32,32,32,32,32,33,33
서울특별시 성동구 사근동,35,35,35,35,35,35,35,35,36,36,36,36,43,43
서울특별시 성동구 성수1가1동,32,32,32,32,32,32,32,32,32,32,32,32,33,33
서울특별시 성동구 성수1가2동,13,13,13,13,13,13,13,13,13,13,13,13,13,13
서울특별시 성동구 성수2가1동,32,32,32,32,32,32,32,32,32,32,32,32,31,31
서울특별시 성동구 성수2가3동,20,25,25,25,25,25,25,25,25,25,25,25,25,25
서울특별시 성동구 송정동,16,18,18,18,18,18,18,18,18,18,18,18,18,18
서울특별시 성동구 옥수동,48,48,48,48,48,48,48,48,48,48,48,48,49,49
서울특별시 성동구 왕십리2동,12,12,12,12,12,13,13,13,13,13,13,13,11,11
서울특별시 성동구 왕십리도선동,31,31,31,31,31,31,31,31,31,31,31,31,31,31
서울특별시 성동구 용답동,11,11,11,11,11,11,11,11,11,11,11,11,10,10
서울특별시 성동구 응봉동,34,34,34,34,34,34,34,34,34,34,34,34,34,34
서울특별시 성동구 행당1동,37,37,37,37,37,37,37,37,36,36,36,36,34,34
서울특별시 성동구 행당2동,30,30,30,30,30,30,30,30,30,30,30,30,29,29
서울특별시 성북구 길음1동,28,28,28,28,28,28,28,28,28,28,28,28,28,28
서울특별시 성북구 길음2동,22,22,22,22,22,22,22,22,22,22,22,22,22,22
서울특별시 성북구 돈암1동,12,12,12,12,12,12,12,12,12,12,12,12,12,12
서울특별시 성북구 돈암2동,38,38,38,38,38,38,38,38,38,38,38,38,37,37
서울특별시 성북구 동선동,18,18,18,18,18,18,18,18,18,18,18,18,20,20
서울특별시 성북구 보문동,10,10,10,10,10,10,10,10,10,10,10,10,10,10
서울특별시 성북구 삼선동,41,41,41,41,41,41,41,41,41,41,41,41,41,41
서울특별시 성북구 석관동,25,25,25,25,25,25,25,25,25,25,25,25,28,28
서울특별시 성북구 성북동,50,50,50,50,50,50,50,50,50,50,50,50,50,50
서울특별시 성북구 안암동,31,31,31,31,31,31,31,31,31,31,31,31,30,30
서울특별시 성북구 월곡1동,28,28,28,28,28,27,27,27,27,27,27,27,27,27
서울특별시 성북구 월곡2동,32,32,32,32,32,32,32,32,32,32,32,32,32,32
서울특별시 성북구 장위1동,45,45,45,45,45,45,45,45,45,45,45,45,44,44
서울특별시 성북구 장위2동,27,27,27,27,27,28,28,28,28,28,28,28,28,28
서울특별시 성북구 장위3동,42,42,42,44,44,45,45,45,45,45,45,45,43,43
서울특별시 성북구 정릉1동,15,15,15,15,15,15,15,15,15,15,15,15,15,15
서울특별시 성북구 정릉2동,46,48,48,48,48,48,48,48,48,48,48,48,48,48
서울특별시 성북구 정릉3동,33,33,33,33,33,33,33,33,33,33,33,33,33,33
서울특별시 성북구 정릉4동,29,29,29,29,29,29,29,29,29,29,29,29,29,29
서울특별시 성북구 종암동,60,60,60,63,63,63,63,63,63,63,63,63,63,63
서울특별시 송파구 가락1동,14,14,14,14,14,14,14,14,14,14,14,14,14,14
서울특별시 송파구 가락2동,26,26,25,25,25,25,25,25,25,25,25,25,24,24
서울특별시 송파구 가락본동,31,31,29,29,28,28,28,28,28,28,28,28,28,28
서울특별시 송파구 거여1동,6,6,6,6,6,6,6,6,6,6,6,6,7,7
서울특별시 송파구 거여2동,11,11,11,11,11,11,11,11,11,11,11,11,11,11
서울특별시 송파구 마천1동,12,12,12,12,12,12,12,12,12,12,12,12,12,12
서울특별시 송파구 마천2동,12,12,12,12,12,12,12,12,12,12,12,12,12,12
서울특별시 송파구 문정1동,19,19,19,19,18,18,18,18,18,18,18,18,18,18
서울특별시 송파구 문정2동,20,20,20,20,20,19,19,27,27,27,27,27,33,33
서울특별시 송파구 방이1동,11,11,11,11,11,11,11,11,11,11,11,11,11,11
서울특별시 송파구 방이2동,13,13,13,14,14,14,14,14,14,14,14,14,13,13
서울특별시 송파구 삼전동,12,12,12,12,12,12,12,13,13,13,13,13,15,15
서울특별시 송파구 석촌동,18,18,18,18,18,18,18,18,18,18,18,18,19,19
서울특별시 송파구 송파1동,13,13,13,13,13,13,13,13,13,13,13,13,14,14
서울특별시 송파구 송파2동,5,5,5,5,5,5,5,11,11,11,11,11,11,11
서울특별시 송파구 오금동,36,36,36,36,36,36,36,45,45,45,45,45,46,46
서울특별시 송파구 오륜동,24,24,24,24,24,24,24,24,24,24,24,24,24,24
서울특별시 송파구 위례동,45,46,53,53,58,58,58,60,61,61,61,61,64,64
서울특별시 송파구 잠실2동,10,10,10,10,10,10,10,10,10,10,10,10,10,10
서울특별시 송파구 잠실3동,25,25,25,25,25,25,25,24,24,24,24,24,31,31
서울특별시 송파구 잠실4동,11,11,11,11,11,11,11,11,11,11,11,11,12,12
서울특별시 송파구 잠실6동,16,16,16,15,15,15,15,15,15,15,15,15,17,16
서울특별시 송파구 잠실7동,4,4,4,4,4,4,4,4,4,4,4,4,4,4
서울특별시 송파구 잠실본동,14,14,14,14,14,14,14,14,14,14,14,14,14,14
서울특별시 송파구 장지동,40,39,39,39,39,39,39,43,43,43,43,43,43,43
서울특별시 송파구 풍납1동,6,6,6,6,6,6,6,6,6,6,6,6,6,6
서울특별시 송파구 풍납2동,23,23,23,26,26,26,26,26,26,26,26,26,26,26
서울특별시 양천구 목1동,32,32,32,32,32,32,32,32,32,32,32,32,32,32
서울특별시 양천구 목2동,19,19,19,19,18,18,18,18,18,18,18,18,18,18
서울특별시 양천구 목3동,11,11,11,11,11,11,11,11,11,11,11,11,11,11
서울특별시 양천구 목4동,15,15,15,15,15,15,15,15,15,15,15,15,15,15
서울특별시 양천구 목5동,54,54,54,54,54,54,54,54,54,54,54,54,54,54
서울특별시 양천구 신월1동,10,10,10,10,10,10,10,10,10,10,10,10,10,10
서울특별시 양천구 신월2동,14,14,14,14,14,14,14,14,14,14,14,14,14,14
서울특별시 양천구 신월3동,12,12,12,12,12,12,12,12,12,12,12,12,12,12
서울특별시 양천구 신월4동,9,9,9,9,9,9,9,9,9,9,9,9,9,9
서울특별시 양천구 신월5동,14,14,14,14,14,14,14,14,14,14,14,14,14,14
서울특별시 양천구 신월6동,15,15,15,15,15,15,15,15,15,15,15,15,15,15
서울특별시 양천구 신월7동,20,20,20,20,20,20,20,20,20,20,20,20,20,20
서울특별시 양천구 신정1동,29,29,29,29,29,29,29,29,29,29,29,29,29,29
서울특별시 양천구 신정2동,16,16,16,16,16,16,16,16,16,16,16,16,16,16
서울특별시 양천구 신정3동,74,74,74,74,74,74,74,74,74,74,74,74,74,74
서울특별시 양천구 신정4동,19,19,19,19,19,19,19,19,19,19,19,19,19,19
서울특별시 양천구 신정6동,23,23,23,23,23,23,23,23,23,23,23,23,23,23
서울특별시 양천구 신정7동,24,24,26,26,26,26,26,26,26,26,26,26,26,26
서울특별시 영등포구 당산1동,19,19,19,19,19,19,19,19,19,19,19,19,20,20
서울특별시 영등포구 당산2동,47,47,47,47,47,47,47,47,47,47,47,47,47,47
서울특별시 영등포구 대림1동,16,16,16,16,16,16,16,16,16,16,16,16,16,16
서울특별시 영등포구 대림2동,17,17,17,17,17,17,17,17,17,17,17,17,17,17
서울특별시 영등포구 대림3동,42,42,42,42,42,42,42,42,42,42,42,42,41,41
서울특별시 영등포구 도림동,27,27,27,27,27,27,27,27,27,27,27,27,27,27
서울특별시 영등포구 문래동,53,53,53,53,53,53,53,53,53,53,53,53,53,53
서울특별시 영등포구 신길1동,33,33,33,33,33,33,33,33,33,33,33,33,33,33
서울특별시 영등포구 신길3동,31,31,31,31,31,31,31,31,31,31,31,31,31,31
서울특별시 영등포구 신길4동,15,15,15,15,15,15,15,16,16,16,16,16,16,16
서울특별시 영등포구 신길5동,27,27,27,27,27,27,27,27,27,27,27,27,27,27
서울특별시 영등포구 신길6동,25,25,26,26,26,26,26,26,26,26,26,26,29,29
서울특별시 영등포구 신길7동,34,34,34,34,34,34,34,35,35,35,35,35,35,34
서울특별시 영등포구 양평1동,24,24,24,24,24,24,24,24,24,24,24,24,24,24
서울특별시 영등포구 양평2동,42,42,42,42,42,42,42,42,42,42,42,42,42,43
서울특별시 영등포구 여의동,70,70,70,70,70,70,71,72,72,72,72,72,74,73
서울특별시 영등포구 영등포동,54,54,54,54,54,54,54,54,54,54,54,54,55,55
서울특별시 영등포구 영등포본동,20,20,20,20,20,20,20,20,20,20,20,20,20,20
서울특별시 용산구 남영동,21,21,21,21,21,21,21,21,21,21,21,21,21,21
서울특별시 용산구 보광동,13,13,13,13,13,13,13,13,13,13,13,13,13,13
서울특별시 용산구 서빙고동,25,25,25,25,25,25,25,25,25,25,25,25,26,26
서울특별시 용산구 용문동,18,18,18,19,19,19,19,19,18,18,18,18,20,20
서울특별시 용산구 용산2가동,30,30,30,30,30,30,30,30,30,30,30,30,29,29
서울특별시 용산구 원효로1동,23,23,23,23,23,23,23,23,23,23,23,23,23,23
서울특별시 용산구 원효로2동,27,27,27,26,26,26,26,26,27,27,27,27,26,26
서울특별시 용산구 이촌1동,25,25,25,25,25,25,25,25,25,25,25,25,25,25
서울특별시 용산구 이촌2동,11,11,11,11,11,11,11,11,11,11,11,11,11,11
서울특별시 용산구 이태원1동,15,15,15,15,15,15,15,15,15,15,15,15,16,16
서울특별시 용산구 이태원2동,21,21,21,21,21,21,21,21,21,21,21,21,21,21
서울특별시 용산구 청파동,21,21,21,21,21,21,21,21,21,21,21,21,21,21
서울특별시 용산구 한강로동,45,45,45,45,45,45,47,47,47,47,47,47,47,47
서울특별시 용산구 한남동,48,48,48,48,48,48,48,48,48,48,48,48,47,47
서울특별시 용산구 효창동,17,17,17,17,17,17,17,17,17,17,17,17,16,16
서울특별시 용산구 후암동,19,19,19,19,19,19,19,19,19,19,19,19,19,19
서울특별시 은평구 갈현1동,46,46,46,46,46,46,46,46,46,46,46,46,46,46
서울특별시 은평구 갈현2동,32,32,32,32,32,32,32,32,32,32,32,32,32,32
서울특별시 은평구 구산동,35,35,35,35,35,35,35,35,35,35,35,35,35,35
서울특별시 은평구 녹번동,35,35,35,35,35,35,35,35,35,35,35,35,35,35
서울특별시 은평구 대조동,38,38,38,38,38,38,38,38,38,38,38,38,38,38
서울특별시 은평구 불광1동,43,43,43,43,43,43,43,43,43,43,43,43,43,43
서울특별시 은평구 불광2동,28,28,28,28,28,28,28,28,28,28,28,28,28,28
서울특별시 은평구 수색동,19,19,19,19,19,19,19,19,19,19,19,19,19,19
서울특별시 은평구 신사1동,27,27,27,27,27,27,27,27,27,27,27,27,28,28
서울특별시 은평구 신사2동,32,32,32,32,32,32,32,32,32,32,32,32,33,33
서울특별시 은평구 역촌동,46,46,46,46,46,46,46,46,46,46,46,46,46,46
서울특별시 은평구 응암1동,29,29,29,29,29,29,29,29,29,29,29,29,28,28
서울특별시 은평구 응암2동,32,32,32,32,32,34,34,34,34,34,34,34,34,34
서울특별시 은평구 응암3동,27,27,27,27,27,27,27,27,27,27,27,27,27,27
서울특별시 은평구 증산동,16,16,16,16,16,16,16,16,16,16,16,16,15,15
서울특별시 은평구 진관동,82,83,83,83,83,83,83,83,83,83,83,83,83,83
서울특별시 종로구 가회동,22,22,22,22,22,22,22,22,22,22,22,22,22,22
서울특별시 종로구 교남동,25,25,25,25,25,25,25,25,25,25,25,25,25,25
서울특별시 종로구 무악동,4,4,4,4,4,4,4,4,4,4,4,4,4,4
서울특별시 종로구 부암동,35,35,35,35,35,35,35,35,35,35,35,35,35,35
서울특별시 종로구 사직동,46,46,46,46,46,46,46,46,45,45,45,45,41,41
서울특별시 종로구 삼청동,17,17,17,17,17,17,17,17,17,17,17,17,16,16
서울특별시 종로구 숭인1동,12,12,12,12,12,12,12,12,12,12,12,12,12,12
서울특별시 종로구 숭인2동,12,12,12,12,12,12,12,12,12,12,12,12,13,13
서울특별시 종로구 이화동,21,21,21,21,21,21,21,21,21,21,21,21,21,21
서울특별시 종로구 종로1·2·3·4가동,96,96,96,96,96,96,96,96,97,97,97,97,101,101
서울특별시 종로구 종로5·6가동,28,28,28,28,28,28,28,28,28,28,28,28,28,28
서울특별시 종로구 창신1동,17,17,17,17,17,17,17,17,17,17,17,17,17,17
서울특별시 종로구 창신2동,1,1,1,1,1,1,1,1,1,1,1,1,1,1
서울특별시 종로구 창신3동,7,7,7,7,7,7,7,7,7,7,7,7,7,7
서울특별시 종로구 청운효자동,30,30,30,30,30,34,34,34,35,35,35,35,37,37
서울특별시 종로구 평창동,60,60,60,60,60,60,60,60,60,60,60,60,60,60
서울특별시 종로구 혜화동,34,34,34,34,34,34,34,34,34,34,34,34,38,38
서울특별시 중구 광희동,24,24,24,24,24,24,24,24,24,24,24,24,24,24
서울특별시 중구 다산동,8,8,8,8,8,8,8,8,8,8,8,8,8,8
서울특별시 중구 동화동,6,6,6,6,6,6,6,6,6,6,6,6,6,6
서울특별시 중구 명동,36,36,37,37,37,37,37,37,37,37,37,37,37,36
서울특별시 중구 소공동,39,39,39,39,39,39,39,39,39,39,39,39,41,43
서울특별시 중구 신당5동,13,13,13,13,13,12,12,12,12,12,12,12,12,12
서울특별시 중구 신당동,8,8,8,8,8,8,8,8,8,8,8,8,8,8
서울특별시 중구 약수동,13,13,13,13,13,13,13,13,13,13,13,13,12,12
서울특별시 중구 을지로동,16,16,16,16,16,16,16,16,16,16,16,16,16,16
서울특별시 중구 장충동,17,17,17,17,17,17,17,17,17,17,17,17,17,17
서울특별시 중구 중림동,11,11,11,11,11,11,10,10,10,10,10,10,10,10
서울특별시 중구 청구동,3,3,3,3,3,3,3,3,3,3,3,3,3,3
서울특별시 중구 필동,9,9,10,10,10,10,10,10,10,10,10,10,10,10
서울특별시 중구 황학동,7,7,7,7,7,7,7,7,7,7,7,7,6,6
서울특별시 중구 회현동,37,38,38,38,38,37,38,38,38,38,38,38,37,37
서울특별시 중랑구 망우3동,10,10,10,10,10,10,10,10,10,10,10,10,10,10
서울특별시 중랑구 망우본동,59,59,59,61,61,61,61,61,61,61,61,61,60,60
서울특별시 중랑구 면목2동,22,22,22,22,22,22,22,22,22,22,22,22,24,24
서울특별시 중랑구 면목3·8동,30,30,30,30,30,30,30,30,30,30,30,30,29,29
서울특별시 중랑구 면목4동,16,16,16,16,16,16,16,16,16,16,16,16,16,16
서울특별시 중랑구 면목5동,17,17,17,17,17,17,17,17,17,17,17,17,15,15
서울특별시 중랑구 면목7동,16,16,16,16,16,16,16,16,16,16,16,16,17,17
서울특별시 중랑구 면목본동,26,26,26,26,26,26,26,26,26,26,26,26,26,26
서울특별시 중랑구 묵1동,32,32,32,32,32,32,32,32,32,32,32,32,33,33
서울특별시 중랑구 묵2동,19,19,19,19,19,19,19,19,19,19,19,19,20,20
서울특별시 중랑구 상봉1동,16,16,16,16,16,16,16,16,16,16,16,16,15,15
서울특별시 중랑구 상봉2동,15,15,15,15,15,15,15,15,15,15,15,15,16,16
서울특별시 중랑구 신내1동,52,52,52,53,53,53,53,53,53,53,53,53,54,54
서울특별시 중랑구 신내2동,20,20,20,20,20,20,20,20,20,20,20,20,20,20
서울특별시 중랑구 중화1동,14,14,14,14,14,14,14,14,14,14,14,14,14,14
서울특별시 중랑구 중화2동,29,29,29,29,29,29,29,29,29,29,29,29,29,29
